{"comm_overhead":3780.2464237213135,"accuracy":0.3598,"_wandb":{"runtime":298},"_timestamp":1.7495231075330536e+09,"avg_accuracy":0.26315,"_runtime":267.759649395,"round_time":12.777608555741608,"large_accuracy":0.3824,"round":4,"accuracy_std":0,"_step":3,"elapsed_time":51.484556913375854,"processing_time":3.7721008993685246e-05,"middle_accuracy":0.2199,"small_accuracy":0.2033,"comm_time":0.19644737243652344}